core0510,(주)코아팜바이오
cottcloud17,(주)코튼클라우드
flatgd0819,(주)플랫가든
wangdo2016,왕도테크
000gan,(주)공공공간
00119a,신정보개발(주)
00341aba,(주)엠엠에스컴퍼니
007abc,(주)정진기전
007jns,(주)다성피앤에프
007madang,한국이티에스(주)
007sign,(주)동화에프엔이
007world,(주)공공칠월드
0111daeil,(주)대일산업
0119ddd,(주)디딤돌
0126043,(주)인큐시스 
016kjs,(주)베스티
0198park,(주)비앤비컴퍼니
02021kyc2,(주)블루브릿지글로벌
0311dhlee,(주)바이오리올로직스
032hana,(주)하나레미콘
032pro,032디자인(주)
0433669,(주)에이치프라임네트웍스
0616flex,(주)덴플렉스
0704micha,(주)보광이엔지
07077911100,(주)한국전자투표
0707ant,태경 티에스(TS)
07775a,(주)디에스아이씨
07come,리바랩(RebarLab)
0807best,베스트에프에이(주)
0818smh,(주)에스알팜
core0510,(주)코아팜바이오
cottcloud17,(주)코튼클라우드
flatgd0819,(주)플랫가든
wangdo2016,왕도테크
000gan,(주)공공공간
00119a,신정보개발(주)
00341aba,(주)엠엠에스컴퍼니
007abc,(주)정진기전
007jns,(주)다성피앤에프
007madang,한국이티에스(주)
core0510,(주)코아팜바이오
cottcloud17,(주)코튼클라우드
flatgd0819,(주)플랫가든
wangdo2016,왕도테크
000gan,(주)공공공간
00119a,신정보개발(주)
00341aba,(주)엠엠에스컴퍼니
007abc,(주)정진기전
007jns,(주)다성피앤에프
007madang,한국이티에스(주)
007sign,(주)동화에프엔이
007world,(주)공공칠월드
0111daeil,(주)대일산업
0119ddd,(주)디딤돌
0126043,(주)인큐시스 
